1,2021,2,27,2021-02-28
2,2020,2,27,2020-02-28
3,2021,2,28,2021-03-01
4,1995,2,29,日不在范围之内
5,1995,2,30,日不在范围之内
6,1995,2,31,日不在范围之内
7,2008,2,28,2008-02-29
8,2008,2,29,2008-03-01
9,2008,2,30,日不在范围之内
10,2008,2,31,日不在范围之内
11,2021,1,15,2021-01-16
12,2021,3,28,2021-03-29
13,2021,5,29,2021-05-30
14,2021,7,30,2021-07-31
15,2020,8,15,2020-08-16
16,2020,10,28,2020-10-29
17,2020,1,29,2020-01-30
18,2020,3,30,2020-03-31
19,2021,5,31,2021-06-01
20,2008,8,31,2008-09-01
21,2021,4,15,2021-04-16
22,2021,6,28,2021-06-29
23,2021,9,29,2021-09-30
24,2000,11,15,2000-11-16
25,2000,4,28,2000-04-29
26,2000,6,29,2000-06-30
27,2021,4,30,2021-05-01
28,2008,6,30,2008-07-01
29,1980,9,31,日不在范围之内
30,1981,11,31,日不在范围之内
31,2020,12,15,2020-12-16
32,2020,12,28,2020-12-29
33,2020,12,29,2020-12-30
34,2020,12,30,2020-12-31
35,2021,12,15,2021-12-16
36,2021,12,28,2021-12-29
37,2021,12,29,2021-12-30
38,2021,12,30,2021-12-31
39,2020,12,31,2021-01-01
40,2021,12,31,2022-01-01
